[
	{
		"address":"377/627,Jawahar bazaar,karur"
	},
	{
		"address":"No.102/97,Old Bye Pass Road,Karur"
	},
	{
		"address":"No.48/8,TVR Complex,CAK Road,Karur"
	},
	{
		"address":"120/1A,Melashanmuga puram,Tuticorin"
	},
	{
		"address":"27,south street,Adhanoor(po),kovilvenni(via),needamangalam"
	},
	{
		"address":"69, Avvai market, Arisipalayam main road,salem-9"
	},
	{
		"address":"5/535,omr road,okkiyam,thoraipakkam,chennai-600097"
	},
	{
		"address":"5/10A,POC nagar,opp air station,adhiyaman kottai post,dharmapuri(dist)-636807"
	}
	
]