{	
	"Andhra_Pradesh":[
			"Visakhapatnam",
			"Viyawada",
			"Guntur",
			"Nellore",
			"Kurnool",
			"Kadapa",
			"Rajahmundry"
	],
	"Arunachal_Pradesh":[
			"Changlang",
			"Dibang Valley",
			"East Kameng",
			"East Siang",
			"Kurung Kumey"
	],
	"Assam":[
			"Udalguri",
			"Cachar",
			"Kamrup",
			"Kokrajhar",
			"Golaghat"
	],
	"Bihar":[ 
			"Patna",
            "Gaya",
            "Bhagalpur",
            "Muzaffarpur",
            "Purnia"
    ],
	"Chhattisgarh":[
			"Raipur",
            "Durg - Bhilai",
            "Bilaspur",
            "Korba",
            "Rajnandgaon"
    ],
	"Goa":[
			"Adelaide",
            "Atlanta",
            "Canberra",
            "Durban",
            "Leon"
    ],
	"Gujarat":[
			"Ahmedabad",
            "Surat",
            "Vadodara",
            "Rajkot",
            "Bhavnagar"
    ],
	"Haryana":[
			"Ambala",
            "Bhiwani",
            "Faridabad",
            "Fatehabad",
            "Gurgaon"
    ],
	"Himachal_Pradesh":[
			"Bilaspur",
            "Chamba",
            "Hamirpur",
            "Kangra",
            "Kinnaur"
    ],
	"Jammu_and_Kashmir":[
			"Srinagar",
			"Jammu",
			"Anantnag"
	],
	"Jharkhand":[
			"Jamshedpur",
			"Dhanbad",
			"Ranchi",
			"Bokaro Steel City",
			"Deoghar"
	],
	"Karnataka":[
			"Bengaluru Urban",
			"Bengaluru Rural",
			"Chikkaballapur",
			"Chitradurga",
			"Davanagere"
	],
	"Kerala":[
			"Thiruvananthapuram",
			"Kochi",
			"Kozhikode",
			"Kollam",
			"Thrissur"
	],
	"Madhya_Pradesh":[
			"Indore",
			"Bhopal",
			"Jabalpur",
			"Gwalior",
			"Ujjain"
	],
	"Maharashtra":[
			"Mumbai",
			"Pune",
			"Nagpur",
			"Thane",
			"Nashik"
	],
	"Manipur":[
			"Bishnupur",
			"Churachandpur",
			"Chandel",
			"Imphal East",
			"Senapati"
	],
	"Meghalaya":[
			"East Garo Hills",
			"Ribhoi",
			"Jaintia Hills",
			"Shillong",
			"Nongstoin"
	],
	"Mizoram":[
			"Aizawl",
			"Kolasib",
			"Lawngtlai",
			"Lunglei",
			"Mamit"
	],
	"Nagaland":[
			"Dimapur",
			"Kiphire",
			"Kohima",
			"Longleng",
			"Mokokchung"
	],
	"Odisha":[
			"Bhubaneshwar",
			"Cuttack",
			"Rourkela",
			"Brahmapur",
			"Sambalpur"
	],
	"Punjab":[
			"Ludhiana",
			"Amritsar",
			"Jalandhar",
			"Patiala",
			"Ajitgarh"
	],
	"Rajasthan":[
			"Ajmer",
			"Alwar",
			"Banswara",
			"Baran",
			"Barmer"
	],
	"Sikkim":[
			"East Sikkim",
			"North Sikkim",
			"South Sikkim",
			"West Sikkim"
	],
	"Tamil_Nadu":[
			"Chennai",
			"Coimbatore",
			"Madurai",
			"Tiruchirapalli",
			"Tiruppur",
			"Salem",
			"Erode",
			"Tirunelveli",
			"Vellore",
			"Thoothukkudi",
			"Dindigul",
			"Thanjavur",
			"Ranipet",
			"Sivakasi",
			"Karur",
			"Udhagamandalam",
			"Hosur",
			"Nagercoil",
			"kanchipuram",
			"Kumarapalayam",
			"Karaikkudi",
			"Neyveli",
			"Cuddalore",
			"Kumbakonam",
			"Tiruvannamalai",
			"Pollachi",
			"Rajapalayam",
			"Gudiyatham",
			"Pudukottai",
			"Vaniyambadi",
			"Ambur",
			"Nagapattinam"
	],
	"Telangana":[
			"Hyderabad",
			"Warangal",
			"Nizamabad",
			"Karimnagar",
			"Khammam"
	],
	"Tripura":[
			"Agartala",
			"Amarpur",
			"Belonia",
			"Dharmanagar",
			"Kailasahar"
	],
	"Uttar_Pradesh":[
			"Kanpur",
			"Lucknow",
			"Ghaziabad",
			"Agra",
			"Varanasi"
	],
	"Uttarakhand":[
			"Dehradun",
			"Haridwar",
			"Roorkee",
			"Rudrapur",
			"Kashipur"
	],
	"West_Bengal":[
			"Dehradun",
			"Haridwar",
			"Kashipur",
			"Rishikesh",
			"Rudrapur"
		]
}